{"_wandb":{"runtime":343},"_timestamp":1.7277739304200923e+09,"train_step_cma_loss":5.75140380859375,"_runtime":339.079442548,"_step":1405,"train_step_total_loss":5.834831237792969,"train_step_acc5":58.3984375,"train_step_uma_loss":0.08342719078063965,"train_step_acc1":30.76171875}