{"_step":1405,"train_step_cma_loss":5.664568901062012,"train_step_total_loss":5.749743938446045,"train_step_acc5":59.375,"_timestamp":1.727788618992926e+09,"_wandb":{"runtime":230},"train_step_acc1":33.7890625,"train_step_uma_loss":0.08517519384622574,"_runtime":222.440205091}