{"train_step_total_loss":6.910943031311035,"train_step_acc1":24.31640625,"train_step_uma_loss":0.16310428082942963,"val_epoch_acc1":26.041040665064102,"_step":703,"val_epoch_loss":6.695699490033663,"val_cma_loss":6.561784848188743,"_timestamp":1.7277900068136163e+09,"train_epoch_acc1":12.44804631934566,"train_epoch_acc5":30.308374266536273,"_wandb":{"runtime":229},"train_step_acc5":51.953125,"val_epoch_acc5":53.09119591346154,"train_epoch_loss":1.2285488389756944,"train_step_cma_loss":6.747838973999023,"_runtime":226.902525125,"val_uma_loss":0.1339146453791704}